CustomerID,Age,Purchase,Name_Anita,Name_Kiran,Name_Nayana,Name_Rahul,Name_Ravi,City_Bangalore,City_Belagavi,City_Hubli,City_Mangalore,City_Mysore,Age_Group_Adult
0.0,0.0,0.0,0.0,0.0,1.0,0.0,0.0,1.0,0.0,0.0,0.0,0.0,0.0
0.25,0.2857142857142856,0.28,0.0,0.0,0.0,1.0,0.0,0.0,0.0,0.0,0.0,1.0,0.0
0.5,0.5,0.6400000000000001,1.0,0.0,0.0,0.0,0.0,0.0,0.0,1.0,0.0,0.0,0.0
0.75,0.6428571428571428,0.1200000000000001,0.0,1.0,0.0,0.0,0.0,0.0,0.0,0.0,1.0,0.0,0.0
1.0,1.0,1.0,0.0,0.0,0.0,0.0,1.0,0.0,1.0,0.0,0.0,0.0,0.0
